Unnamed: 0,item_id,epocas,prediction_order,auto_order,training_mse,training_rmse,training_mae,trainig_mape,validation_mse,validation_rmse,validation_mae,validation_mape
0,102512,46,14,180,1.3275374127687918,1.7623555823008574,1.0416186656646238,13.613183546406123,1.3275374127687918,48.20238507982658,5.899327127678066,92.5972174224764
0,10489,12,14,180,8.069415061383884,65.11545943288907,6.111275793607422,19.129445821316825,8.069415061383884,97.24608411785864,8.180569467055511,33.98245512778571
0,107682,24,14,180,9.787889566097558,95.80278215812145,7.263051404226073,6.009525571673375,9.787889566097558,860.6230998903567,23.82297807746607,15.227541789530024
0,1078520,40,14,180,2.86150162127018,8.188191528531867,2.1041244460120967,15.067726543245902,2.86150162127018,72.06751925791679,7.288016168268856,42.29411440453322
0,1078600,54,14,180,0.4613981999009125,0.2128882988718024,0.3241197811963892,7.855061772492654,0.4613981999009125,16.51601258212239,3.468182494543921,124.85403709001086
0,1088331,27,14,180,0.6685620520844712,0.4469752174873991,0.487529177063266,13.853403146285896,0.6685620520844712,5.983159095901777,2.0160052791903595,47.61885376485178
0,123853,20,14,180,33.728120355148604,1137.5861026913897,25.83032216147611,19.92984151880868,33.728120355148604,2304.840709175915,39.566205495369154,27.545919858690898
0,123856,27,14,180,8.794131561620254,77.3367499230855,6.881684464924114,11.41565279355862,8.794131561620254,182.96326946107848,10.68681880919208,20.56003663175516
0,12429,56,14,180,1.857094238398021,3.448799010291124,1.2586597381043425,12.740507621440544,1.857094238398021,83.56833062860463,7.332733238398783,63.51062866428154
0,12430,47,14,180,0.7324806561325783,0.5365279116084124,0.5469896586810611,8.718503288310318,0.7324806561325783,65.44963753202411,5.046201357475,61.79903844299892
0,12431,18,14,180,3.647633528921917,13.305230361315356,2.80331029490433,33.640658758311794,3.647633528921917,4.207435556922718,1.7051515029299331,14.710424578041303
0,12432,36,14,180,0.9467903054641716,0.8964118825209393,0.6930594198383211,16.442450609628505,0.9467903054641716,9.16924134951521,2.6102452364970667,68.96753440541352
0,12434,58,14,180,0.7828348507003112,0.6128304034709786,0.5462342303857892,8.991562976764614,0.7828348507003112,21.37832778746332,3.9331593184805262,56.47981765953416
0,12438,43,14,180,0.5407837032412733,0.2924470136913455,0.384390629227651,8.1926617276534,0.5407837032412733,29.69207868836352,3.350696505908572,56.3185047276173
0,12439,26,14,180,0.5596497281332011,0.3132078181995659,0.3785569839309257,9.176725398433092,0.5596497281332011,7.455641556627974,1.810819317443856,36.50032812019703
0,1278,21,14,180,25.486716277448227,649.5727066071444,21.268025961729595,35.29311020827415,25.486716277448227,737.2561566261785,24.028696538759057,36.35808923380933
0,1281,35,14,180,1.6218322397860263,2.6303398140093592,0.9578450360123544,14.286094268504716,1.6218322397860263,161.67742659690833,8.714761096800506,98.0971345440894
0,1287,40,14,180,0.909494049261136,0.8271794256414176,0.6543264565163672,10.4792202918716,0.909494049261136,9.302933924932349,2.4704888591006773,132.51728301526126
0,13122,21,14,180,25.59333115877016,655.0185998024756,19.87462262945815,20.619504311393985,25.59333115877016,456.50080908332177,17.643121106854828,23.016041626838597
0,132861,65,14,180,3.489496198757956,12.176583721146224,2.605291966372657,16.021884022898973,3.489496198757956,302.3620844890062,13.905294216185965,135.29706326072846
0,1362,32,14,180,4.790547584648403,22.94934616078064,3.498792935579882,21.03845251033033,4.790547584648403,54.72279991013962,5.794308593625713,61.86899942070616
0,1367,17,14,180,79.81505792868785,6370.443472159796,66.33167747220621,20.105652202583965,79.81505792868785,9919.671941889796,79.21624745430124,20.352053560735
0,137070,11,14,180,8.064362193524877,65.03393758835335,6.337536008528726,27.716449810204736,8.064362193524877,163.7782941873995,7.888058956643434,24.167100396217485
0,1376,16,14,180,14.656861488044818,214.82358867973136,10.60380713577504,41.663044120900246,14.656861488044818,204.69744351671127,9.78931873749156,33.916177152436575
0,1379,73,14,180,2.963814118458985,8.784194128776814,1.8395256241766105,12.559735925678508,2.963814118458985,56.098424322447045,6.134936655294498,40.614884742018106
0,1381,28,14,180,9.315322006498622,86.77522408475751,7.398032933085282,65.91438498127945,9.315322006498622,157.75424303507128,10.517886542972738,74.33905707489326
0,1384,14,14,180,18.367444603459266,337.3630212611449,14.189988644893884,20.67027884063454,18.367444603459266,960.1066540016724,24.650439041344345,27.853081894008103
0,1385,73,14,180,0.603414133950514,0.3641086170512489,0.4066736098125637,8.48299659266308,0.603414133950514,35.79719229452805,4.0204662513140415,112.54657939687912
0,1393,21,14,180,53.167074305861256,2826.737790244972,41.8930859107037,12.876043977527734,53.167074305861256,7406.268145519544,78.44382858197189,22.093372742402213
0,139967,49,14,180,1.351230825628732,1.8258247441293045,1.0655968955602133,13.8787899335413,1.351230825628732,62.18219564731786,6.919127000448185,107.61782829214312
0,1402,13,14,180,15.57772937279018,242.66565241188997,12.671972282970248,35.460465818749434,15.57772937279018,367.27617211939656,15.684843342557643,33.22501896488147
0,1403,18,14,180,31.14720207361391,970.1481970145388,24.69357437133016,31.495290076475808,31.14720207361391,1982.004876849235,33.09333908973051,52.02818679841764
0,1406,14,14,180,17.702524511015064,313.3793740630892,13.696435822797003,28.270906103254084,17.702524511015064,7853.049808789733,72.2833168869931,35.83670236199297
0,1408,15,14,180,20.991681490683863,440.6506918063195,17.158453326400203,13.59124926585928,20.991681490683863,205.2162593681653,11.07201277758192,8.639809616168627
0,1425,47,14,180,1.3384881615489903,1.7915505586067966,0.8603251854359624,12.31035980447518,1.3384881615489903,25.03022632664005,4.294079294792995,47.38013953191838
0,14328,39,14,180,0.8117423499624299,0.6589256427225281,0.589890472448365,8.448634372071224,0.8117423499624299,27.901377968222977,4.050417154361058,122.83657993135915
0,15099,55,14,180,1.113004213903808,1.238778380167633,0.794485417901027,12.044860330839926,1.113004213903808,12.7094318183684,2.3921124529093576,34.494941443453804
0,154623,27,14,180,0.6046289457116938,0.3655761619924343,0.4333523158331498,10.520804082401192,0.6046289457116938,3.670878718141545,1.6218917706386915,77.98890958976123
0,155998,24,14,180,28.39129752626377,806.0657752248313,23.412330328622243,26.98804124584967,28.39129752626377,1282.2437610921245,28.07083289588714,20.45142507510121
0,162992,34,14,180,9.037703196306824,81.68007906453458,6.371324187854637,21.241723125835318,9.037703196306824,302.4071980737779,14.513150119814227,34.9045649423044
0,165874,60,14,180,0.9080610784502624,0.8245749221962535,0.666814733830672,8.168500662780959,0.9080610784502624,23.243807581144637,3.94232562008177,50.82886567620152
0,167032,23,14,180,13.832992392879776,191.3516785414697,10.732236541403768,16.218766813509635,13.832992392879776,265.0989977823863,13.382948675638293,20.514969016482308
0,167033,44,14,180,15.307160957577109,234.30917658117295,6.00654341788925,17.87145021531592,15.307160957577109,2395.717332535492,39.152655600083975,132.52525586861324
0,169006,23,14,180,12.770228333573852,163.0787316916124,9.868289435419904,28.24449016413329,12.770228333573852,548.5907626851372,17.019990865031566,67.57107912288026
0,174635,39,14,180,1.368398489105358,1.8725144249858268,1.0417024673539053,12.751452350686632,1.368398489105358,62.15637800901239,6.310539597028706,68.32159447669038
0,17631,32,14,180,1.0829889794097574,1.1728651295229875,0.7827323586594714,14.914352569299169,1.0829889794097574,10.297041106554987,2.479475946867704,75.83720093317396
0,182190,39,14,180,4.576269718724255,20.942244538512576,3.834223843561868,25.209529591995512,4.576269718724255,38.765939818628205,4.774772489055839,25.95596961030412
0,183286,35,14,180,0.7189956378366056,0.5169547272280672,0.4010821536635169,9.412053857271587,0.7189956378366056,15.212589472825837,2.654999137841181,37.56167870348403
0,190535,13,14,180,2.5621498446867967,6.5646118266285765,2.0086097093183906,23.892289072832156,2.5621498446867967,11.617332126870862,2.7334332063079296,24.691511748480576
0,190536,40,14,180,3.611758348282096,13.044798366385416,2.747248163815326,15.757717429901424,3.611758348282096,35.370122986097385,4.727946222613444,20.095030166072277
0,190538,67,14,180,1.7013606519977382,2.894628068166169,1.17978119492071,8.733832227575135,1.7013606519977382,211.1140036542247,11.691273363561384,72.73579349405983
0,19157,27,14,180,19.142421812194915,366.4323128359957,8.999499478520825,33.03384314160097,19.142421812194915,119.72447473622888,8.860890469866051,237.5170190467943
0,191838,9,14,180,6.016433861246557,36.19747640675416,4.640814645456225,25.76993315901109,6.016433861246557,17.784491009645336,3.113998363223257,27.21477869496254
0,2025,41,14,180,1.2039045677348883,1.449386208212929,0.833732041762736,10.342841177352884,1.2039045677348883,47.31745613214049,5.613352935709947,234.92197324524105
0,2028,45,14,180,0.484936028453989,0.235162951692728,0.3327433196646647,6.053120624826663,0.484936028453989,5.645637977484513,2.01703151619386,38.30061017986707
0,2029,82,14,180,2.486188063178718,6.181131085492345,1.954500368794437,16.565573107148126,2.486188063178718,25.668270234514157,4.5581331781975,83.21555003820107
0,2030,64,14,180,0.9437559247419788,0.8906752454855873,0.7092158325310975,9.051438500783163,0.9437559247419788,21.06918875922378,3.765554014993647,99.96028957286656
0,2032,36,14,180,0.7218856068419687,0.5211188293655974,0.4353027904269363,8.950615618038734,0.7218856068419687,24.423640338606344,4.154593456269859,58.668812696799286
0,203421,18,14,180,17.195560941218258,295.6873160831509,12.743209320168983,23.77314455980793,17.195560941218258,829.3112904213742,23.455465335814555,32.03612776972582
0,2040,51,14,180,5.4032894067737,29.195536413352883,4.586483312502148,32.206382657315444,5.4032894067737,97.96622776889856,8.009634095572169,124.59188841678775
0,206744,43,14,180,1.5912124788287003,2.531957152780177,0.7103152602690027,10.75989780706574,1.5912124788287003,259.469141264838,9.713078506568513,62.806169428920754
0,2081,56,14,180,1.1351823422211482,1.2886389500906918,0.9352332618195842,14.272510286666291,1.1351823422211482,12.391824244020496,2.600711963677882,45.22082585221207
0,2093,54,14,180,0.5541582041867662,0.3070913152675017,0.3425124862194402,12.110462915424256,0.5541582041867662,6.549846920797164,1.531515013768555,119.77230765456252
0,2099,27,14,180,0.1259981480143309,0.0158755333030412,0.0704913187142732,16.443240112378245,0.1259981480143309,0.2511575697466729,0.3899389030431907,67.93739880028058
0,22455,34,14,180,0.5636540607996484,0.3177059002559337,0.3841545741480148,10.395302925618616,0.5636540607996484,12.652182418907977,2.9048376367468114,52.30758331892884
0,22616,75,14,180,2.376927001487447,5.649781970400106,1.7870480477103805,12.88776429568183,2.376927001487447,26.201116792271137,4.705909034451866,73.8875224551261
0,22617,29,14,180,3.928406916236801,15.432380899537128,3.058513380674805,20.6184996622144,3.928406916236801,88.27541688671086,8.368679969631096,103.17335557785944
0,22618,59,14,180,0.8317881464621243,0.6918715205948963,0.5091459743394914,6.638253365390508,0.8317881464621243,14.945861867660824,3.165661904549603,146.40265664106528
0,22619,46,14,180,1.3762092351379156,1.8939518588788864,1.039886932673778,12.548577273288949,1.3762092351379156,18.74710162735509,3.6552582906581783,55.307974718875165
0,23771,38,14,180,0.7803452385765843,0.6089386913691464,0.4625610534407793,9.637201256407506,0.7803452385765843,27.327142449528143,3.5732781696653464,56.059633954018985
0,23772,55,14,180,1.0788330126092112,1.1638806690954664,0.7905770928953191,10.650992245240715,1.0788330126092112,66.37347445051095,6.895861964659956,50.97368475104843
0,240129,66,14,180,2.274345143656951,5.172645832475958,1.622326943602126,9.577384543066394,2.274345143656951,275.073074677348,13.577979088884094,44.556533654786655
0,24086,73,14,180,1.17389822083718,1.3780370328846965,0.9641754012187032,13.115067096514013,1.17389822083718,30.8896468116362,4.418680463037306,54.06736993635233
0,24087,20,14,180,8.626773930649708,74.42122845053743,6.547131720632414,25.401051095627054,8.626773930649708,45.66265856572079,5.508576955997841,22.827365557323844
0,25478,36,14,180,0.8928895516056898,0.7972517513666099,0.6259728146856062,13.86509489095697,0.8928895516056898,13.193571963797432,3.10986795105234,65.42626210367371
0,25479,32,14,180,4.767835212986923,22.732252618198054,3.9284810742755463,32.729903245971656,4.767835212986923,23.38596886646159,3.721382612117376,27.115144491750826
0,25480,35,14,180,0.5655449050408489,0.3198410396176628,0.3537035499655227,9.378795350343614,0.5655449050408489,17.039999515033752,2.753154024380089,64.27162153426653
0,270856,66,14,180,2.906685153942731,8.448818584151079,2.335765094495919,12.426725622001992,2.906685153942731,241.09524850628108,13.23509203397028,40.49831601721144
0,28369,39,14,180,0.4441939735063776,0.1973082860993845,0.3185099109669583,6.475002877429524,0.4441939735063776,9.807370653952672,2.43588595632304,37.12830600149754
0,28404,24,14,180,6.79315226439704,46.14691768728264,5.01070159987454,19.9374797612277,6.79315226439704,145.69240928410406,9.696462203500856,29.706346978509835
0,286143,29,14,180,3.5838324748484225,12.843855207778168,2.918475831869743,33.095716475492495,3.5838324748484225,12.281828276153677,3.0506560751162515,43.39496033155605
0,28640,78,14,180,0.9984331105930386,0.996868676328491,0.74278050169959,7.071940837184647,0.9984331105930386,47.24687907029211,4.925188656505469,57.967086728952175
0,28641,54,14,180,0.8138937993627504,0.6624231166411331,0.6358112786172972,11.687153234410598,0.8138937993627504,8.530337143072014,2.44836653427981,67.44744957908276
0,28642,33,14,180,0.8352793511838639,0.6976915945141366,0.5072687041821914,9.523846218221069,0.8352793511838639,103.38371451292338,8.265180908811498,74.7602776935003
0,286750,28,14,180,0.7506874663201086,0.5635316720901042,0.5433981922917442,15.05898266551986,0.7506874663201086,8.248751804535393,2.49018725013332,117.88156818108948
0,29274,36,14,180,3.751169103574285,14.071269643610306,2.794552523969076,25.009181497761485,3.751169103574285,152.3958272906072,8.625559461932138,90.17345289350486
0,296427,63,14,180,0.7124221913658797,0.5075453787505622,0.4472830215423375,4.850731140818474,0.7124221913658797,77.98948906244699,6.992617967895174,92.03678569735284
0,302500,17,14,180,10.970830548627829,120.35912292670554,6.052805298622466,38.030226234865424,10.970830548627829,384.57781815253657,14.388927118042826,69.21213680798344
0,305099,57,14,180,2.3002713439529536,5.291248255811128,1.7622608646908462,10.007780122033664,2.3002713439529536,68.30507840558361,6.090881245688429,32.727076662001686
0,305102,24,14,180,5.075339722073719,25.75907329445933,3.980717156474992,22.191017144012605,5.075339722073719,216.7991658563194,11.99249884508504,83.17978530583049
0,3056,25,14,180,8.298148944050267,68.85927589764256,6.267965415682599,40.914724732343096,8.298148944050267,329.0479304671698,14.20065161919628,35.359949555072305
0,307380,28,14,180,0.5552529187192513,0.3083058037462474,0.4234900128881046,12.28563181289196,0.5552529187192513,9.830260523211797,2.3310884966730816,103.52142948833036
0,307381,69,14,180,0.8158952910538606,0.6656851259638639,0.5450569505148183,5.663908889512048,0.8158952910538606,43.761015640112994,5.771524008776471,48.92886163126924
0,307382,56,14,180,0.9051976047101484,0.8193827035729901,0.6157987747729419,7.156280481135993,0.9051976047101484,70.13243965099846,5.613556058182197,36.07357165250812
0,308982,21,14,180,13.471281320886256,181.475420426459,11.156263926277184,13.802466834724308,13.471281320886256,482.9580849148942,17.480529256925333,14.961958599542044
0,310778,41,14,180,2.6937346181021136,7.2562061927617405,2.177321404578509,19.333640590810983,2.6937346181021136,61.50278224570344,6.510866082643076,56.66123474003767
0,311494,69,14,180,1.8712563103361333,3.5016001789727995,1.25421365408871,9.452670536584504,1.8712563103361333,103.142982949243,8.092122640676823,174.94197961779508
0,311495,35,14,180,2.105258963447536,4.432115303176194,1.5438525455845258,13.983999069342268,2.105258963447536,31.45109292289632,4.91705763717472,72.23662381430216
0,315048,90,14,180,1.166745985097977,1.361296193742248,0.8899997429720022,9.55098955070692,1.166745985097977,43.27539173382917,5.147091007774392,57.05866787783759
0,315210,91,14,180,4.24893384380104,18.05343880899788,2.943298484133984,10.478362177800909,4.24893384380104,214.48112154680345,10.92971536255815,27.17032973313347
0,321469,49,14,180,0.6965313382571244,0.4851559051742607,0.4838642448991033,10.508068981056098,0.6965313382571244,12.559386097302772,2.454690091246927,65.76867336014348
0,331854,26,14,180,0.9423895137935044,0.8880979957079578,0.630449020027027,14.447289499752092,0.9423895137935044,109.0590028038231,8.114139590688165,65.113455112243
0,3393,45,14,180,0.7001092559127334,0.4901529702146812,0.5006064169774507,7.261314032171573,0.7001092559127334,58.50149177342889,6.302997673631554,69.30192940210028
0,339977,49,14,180,2.4766004739946954,6.133549907790751,1.640752307683326,18.243400575768845,2.4766004739946954,32.69115757096843,4.548028272085256,29.9701214484318
0,352060,27,14,180,7.337443092136361,53.83807113033961,4.360212972188272,19.530121508192813,7.337443092136361,1149.5577271974596,29.67008883639678,103.91636586782558
0,35273,29,14,180,1.3137141404056665,1.725844842701799,0.8292862556894992,12.747998334323176,1.3137141404056665,99.64871431509128,7.88807807762457,267.21456415298263
0,352978,56,14,180,1.6639081647540204,2.7685903807350924,1.269877133223595,11.262425233545596,1.6639081647540204,77.19526165240343,5.749631621576562,46.52494742649947
0,353717,28,14,180,0.5083864656709011,0.2584567984773502,0.3121321988875539,10.092991783109609,0.5083864656709011,15.584300478880143,3.178135649490526,100.60953739872484
0,35404,32,14,180,0.6460469097117747,0.4173766095481339,0.4504866649896453,9.067035086972082,0.6460469097117747,104.83618914758084,7.252084524756713,99.57538046221718
0,355844,65,14,180,1.0567200328683295,1.1166572278652438,0.7234774905386226,10.38839018881971,1.0567200328683295,27.104958570583232,4.51628077646304,60.23207346748143
0,358631,15,14,180,6.238434531641723,38.91806540557989,4.889015204081794,18.599354408535323,6.238434531641723,86.03498750827707,7.521448642443394,21.3831166052128
0,361758,45,14,180,1.3455849544213878,1.810598869565208,0.8449876092828882,8.621261178297521,1.3455849544213878,172.27727015152865,11.402858672958487,78.60294595309057
0,367294,44,14,180,0.6869374015472842,0.4718829936445348,0.4862149781570974,10.727289073898834,0.6869374015472842,6.651387663467075,2.09952816052849,40.313547427102726
0,368225,40,14,180,1.8012681047985963,3.2445667853647278,0.8950245822792947,8.636514574311887,1.8012681047985963,447.7318662221249,14.66019404027841,75.68216944367269
0,373658,55,14,180,1.4424091847288585,2.08054425619017,1.0442929072101013,13.603357345264932,1.4424091847288585,34.19096699400531,4.389724415013275,56.59171953127273
0,376635,19,14,180,4.578536924036382,20.963000364764536,2.840027106459766,19.85789317603897,4.578536924036382,145.9167984701569,9.104420925238452,36.03864675688544
0,377901,42,14,180,4.354531766311213,18.96194690381346,3.335442165293661,22.319960037675653,4.354531766311213,173.0203372309631,9.810251750518196,35.09910329628481
0,384310,25,14,180,0.0368574496308047,0.0013584715932873,0.0257855694909391,8.42695090842445,0.0368574496308047,0.06551013798437,0.2234400851184523,116.05665182194473
0,384311,27,14,180,0.1268155683644688,0.0160821883796032,0.1102597980419211,25.01532277164848,0.1268155683644688,0.3402289711658877,0.4580340027301915,57.34951432581372
0,384316,40,14,180,0.098149036564541,0.0096332333785476,0.0695552854950624,8.167467927118501,0.098149036564541,0.5353958956482799,0.551307401374728,141.72863184079034
0,384321,33,14,180,0.0876290500915237,0.0076788504199427,0.067220809134047,8.120453882356248,0.0876290500915237,1.665119421451893,1.05190567148029,147.44925956259803
0,384441,11,14,180,10.671034183048445,113.87097053578832,8.704564291831492,23.170428951708,10.671034183048445,576.367151564962,18.667965219314503,26.50418667376676
0,393377,35,14,180,2.4242766828267595,5.877117434897516,1.7150076083527737,17.159620785540316,2.4242766828267595,43.30056881734142,4.862633384420879,37.557781945546765
0,393409,49,14,180,1.4898861484983037,2.219760735487109,0.9435174412323208,8.58287670438853,1.4898861484983037,752.7948393729149,23.39418424562347,314.7904828183508
0,393410,38,14,180,1.3282036169885334,1.764124848181423,0.9939638718471332,15.390096827095103,1.3282036169885334,96.51278715532192,7.36000887116973,78.92721062257168
0,397627,44,14,180,1.8788194692118507,3.5299625978895004,1.254907446975137,14.673681615049237,1.8788194692118507,309.3975359883861,11.2530827028921,49.58193277620316
0,397863,45,14,180,10.26863611503599,105.44488766302143,7.694215404807788,20.47920845200476,10.26863611503599,595.5494693430426,20.14846945853549,80.0560556005428
0,402306,33,14,180,1.027975558086585,1.056733748023426,0.7865113026144426,21.397902849921923,1.027975558086585,8.532493723721833,2.527593162879082,74.32180265286942
0,420465,22,14,180,12.343376233637056,152.35893684511612,10.11163152247516,55.14647242860158,12.343376233637056,88.42063875257358,7.484502156591382,28.805189009791395
0,425242,21,14,180,12.784135697070896,163.43412552112238,9.281128494145488,17.573051358396672,12.784135697070896,217.32719292922687,11.777622227690271,20.738427580426592
0,432365,39,14,180,4.592378788614638,21.089942938117648,3.745500384210084,18.409474473083414,4.592378788614638,176.85360250224173,8.885104566837345,30.73469621443415
0,432370,62,14,180,1.8325583654663824,3.3582701628408183,1.2374368239129354,3.1239320982575225,1.8325583654663824,345.116738230994,13.95395157964482,25.885624482759795
0,436309,29,14,180,6.607320019999837,43.65667784669065,5.305695766083338,22.659556228719644,6.607320019999837,348.2795218688662,16.778061618149216,640.2318808126709
0,440498,43,14,180,3.3272367189281558,11.070504183783797,2.6778486807945328,24.92114177609518,3.3272367189281558,96.86328440252318,6.908653279224263,54.40865886109706
0,440499,32,14,180,1.3962216740875095,1.9494349631917276,0.8748067997381529,17.8125758402201,1.3962216740875095,31.722797282044773,3.8243914741216014,80.58734009177051
0,440500,62,14,180,8.874172576064243,78.7509389097707,6.541194198784855,28.434970172471026,8.874172576064243,892.8765292536158,20.519795434728906,90.26812830078556
0,443720,46,14,180,2.05070428992385,4.205388084712082,1.5698782339030022,14.008531809619504,2.05070428992385,506.8321962091453,17.65566323632563,114.35845130510032
0,454619,41,14,180,2.526055040223598,6.380954066239044,1.8103123089881583,16.094680426117527,2.526055040223598,55.91202354459907,5.643102774246903,166.48864682744312
0,456718,36,14,180,2.700206826375748,7.29111690520619,2.1085206061198787,18.028932120585043,2.700206826375748,237.1164626840555,11.546745188606726,68.26248724840147
0,457741,64,14,180,1.338648746155117,1.791980465582667,1.0368018040139413,9.223055129058997,1.338648746155117,69.73029953380123,6.863918447114804,38.89022615015803
0,457742,37,14,180,0.740926661836959,0.5489723182208593,0.4682622537601592,8.484003666514619,0.740926661836959,44.365151771271606,5.3555727376572975,107.18993838629652
0,457743,74,14,180,1.7845078328371349,3.184468205457088,1.4051038634682136,13.141539689367718,1.7845078328371349,41.44496876323776,4.767500969660878,46.83417776635608
0,477619,53,14,180,1.7364206253879488,3.015156588272675,1.148465036499587,13.013127326117216,1.7364206253879488,192.12284772273992,10.012737776207729,56.30984767156962
0,487243,15,14,180,7.909293791994989,62.55692828809047,6.216532315532685,22.65015254651821,7.909293791994989,185.3195005255085,12.03118893037337,72.06001922576918
0,488356,42,14,180,0.906389533662991,0.8215419867338144,0.6559567830197741,10.661215326689838,0.906389533662991,4.761217021891537,1.6380114516464297,39.50183664037251
0,488359,38,14,180,0.7295104126360329,0.532185442144395,0.5454628041553623,12.820851854973773,0.7295104126360329,18.59177900738585,3.391934805328401,95.14154660799016
0,489322,54,14,180,0.8811936973573227,0.7765023322622688,0.7187127783259379,11.971456153016607,0.8811936973573227,19.31494773679819,2.980798926003796,95.72876161170282
0,489323,60,14,180,2.5096540554355844,6.298363477964275,2.3753786709160685,30.73744448016428,2.5096540554355844,30.383497105416154,4.611876825947498,42.70923178409883
0,494759,29,14,180,0.446873235030406,0.1996956881865405,0.3267810489492778,7.515811996109001,0.446873235030406,9.555879403772634,2.752882055991848,56.02298662872182
0,494935,24,14,180,0.6324545492605458,0.3999987568803601,0.3684125540774802,10.266885931569837,0.6324545492605458,15.69411734546571,3.340152114661414,152.87095717164036
0,494936,23,14,180,0.4076548461930179,0.1661824736246531,0.2972886346632544,9.342959413208913,0.4076548461930179,5.850699941974076,2.021910181598286,86.29799092502034
0,494937,33,14,180,0.520359881290369,0.2707744060565269,0.3587534247744599,7.373125395892509,0.520359881290369,22.40404137602778,4.154705530642472,83.08925224241553
0,494938,40,14,180,1.775707955522325,3.153138743305275,1.342758147677737,15.2019849912188,1.775707955522325,92.219949378186,7.372176631509274,154.1133569828147
0,494939,26,14,180,1.9296100062327812,3.723394776153675,1.6366936049316625,40.68893312286085,1.9296100062327812,50.104104403372006,5.606484007403735,83.26984876608324
0,498422,16,14,180,10.473638014062216,109.69709324960913,7.951651943627116,17.066974417211693,10.473638014062216,628.0342237434228,19.65852012238569,184.0829811146428
0,501284,34,14,180,1.2306240139621292,1.5144354637402626,0.8436131051473249,13.23660773693941,1.2306240139621292,15.397985431136371,3.232060479939544,89.94346930407085
0,505517,32,14,180,0.0853443153720881,0.0072836521663304,0.0626072530383847,8.960314013951143,0.0853443153720881,0.7855455890840728,0.7584065785131736,163.09777419348498
0,506415,44,14,180,2.364568170825394,5.591182634480551,1.5551601306924376,7.140079453985135,2.364568170825394,352.7050418977446,14.217190530446905,39.26266987865347
0,506417,26,14,180,0.8577586312799064,0.7357498695351783,0.493760465197772,10.709080312629151,0.8577586312799064,61.87169600983164,6.203441034291709,157.70511566900865
0,509009,34,14,180,0.8996424199504177,0.8093564837742437,0.738094675842365,19.54029647635577,0.8996424199504177,7.067424613648233,2.415628511251714,207.8409991505624
0,509626,35,14,180,8.895416651725446,79.12843740779435,6.806315167171369,22.53199279181049,8.895416651725446,200.2673040914896,12.25611881985755,29.500808226771717
0,509628,28,14,180,6.83003320337663,46.64935355922723,5.188820005062468,20.249083893820504,6.83003320337663,80.18284571563952,7.3807548361259965,27.2704750529784
0,512176,16,14,180,8.341031258978344,69.57280246325385,5.091778588205218,28.87244403816264,8.341031258978344,94.50628490005695,7.51504320901931,40.24230949044348
0,512177,100,14,180,4.521589406975981,20.444770765277408,3.4397797826691807,15.88602872261218,4.521589406975981,270.63070077395304,14.48410213133143,91.48252077603436
0,512751,28,14,180,0.9092126234170828,0.826667594580974,0.5315100532915613,11.468475321760026,0.9092126234170828,8.643947569523572,2.4046753742823985,83.72309087702153
0,513332,21,14,180,2.380359508228587,5.66611138841424,1.78876960797301,22.700064752108425,2.380359508228587,14.003019797983589,2.726635677253525,36.46942239304366
0,516479,70,14,180,2.256147595485495,5.09020197261498,1.5458468635179363,12.37781693983502,2.256147595485495,188.5541720335112,10.27784966018437,173.2316553505782
0,516480,57,14,180,1.5041856589071685,2.2625744964619927,1.2067418167594308,16.07794320095255,1.5041856589071685,31.96800433834383,4.214065693042409,61.84243060760247
0,516488,52,14,180,1.6667125888316323,2.777930853769841,0.520539848845923,8.253452734810452,1.6667125888316323,168.26097732051588,9.654943409586748,394.0207963424148
0,516490,49,14,180,1.6853336999493536,2.840349680184978,1.3574452083237032,16.702305093177596,1.6853336999493536,73.11657664811689,6.855390274685162,140.10699199600606
0,516491,19,14,180,9.497054087791314,90.1940363464337,7.518652197190332,41.35997936672221,9.497054087791314,102.73932218341986,7.054422791317515,32.571549671093884
0,517230,25,14,180,9.266346666274057,85.86518053956831,7.025814500451487,21.56197736467552,9.266346666274057,236.58977744429168,12.339040755964517,23.35169034693872
0,517231,21,14,180,14.484658683123223,209.80533716657695,9.10441957008524,22.80965450552452,14.484658683123223,234.1549044942541,12.145697327178723,28.54999653968997
0,52884,34,14,180,2.049646090216702,4.201049095140613,1.1734156223771053,15.46806189463314,2.049646090216702,37.87902011560994,4.70088835736702,119.57561213815642
0,55092,45,14,180,1.204202541518587,1.4501037609998246,0.759216055656387,8.127662518846149,1.204202541518587,78.29782045776457,7.660152263516805,120.06061429653668
0,554569,33,14,180,0.8184634624179622,0.669882439313199,0.5978670012111699,16.655828111754193,0.8184634624179622,9.15664199819834,2.569702142757243,86.63335156571709
0,55481,14,14,180,11.806640072862091,139.396749810113,10.5012806252642,36.71806077299795,11.806640072862091,83.37171112839545,8.202765224071765,25.495250540419107
0,55483,16,14,180,9.879171236266256,97.59802431547052,7.947463501244417,19.85108028619932,9.879171236266256,89.87600135869415,7.07733154186523,15.329667619278448
0,55484,41,14,180,9.64658200491779,93.0565443776037,6.7454388413269415,28.543939127793973,9.64658200491779,173.80481698491073,11.425166284792317,113.54363702198332
0,55485,40,14,180,12.665124386582931,160.40537572761767,9.670057204218317,56.61552156325642,12.665124386582931,18.95377630817948,3.215794783684306,172.02052503059997
0,555256,48,14,180,2.2447378576005144,5.038848049344948,1.2696189150312855,12.15542806839262,2.2447378576005144,72.96453460512123,6.616801312897118,53.845173447271655
0,555343,18,14,180,14.167598548966378,200.72084864467425,6.944360022123786,28.592371779100755,14.167598548966378,1610.640585429783,27.058238101973405,61.7491370768443
0,555346,78,14,180,3.672668565397639,13.48849439125995,2.3485865761306,13.582681431397242,3.672668565397639,380.08686084601726,15.350987714626497,91.18006830935748
0,555348,13,14,180,11.784268951118902,138.86899471230498,8.771689909016636,22.800239580800525,11.784268951118902,508.083941347981,15.11785375192218,36.68691249595917
0,555360,85,14,180,1.8523703741045137,3.431276002860096,1.35580860937842,8.283253671547177,1.8523703741045137,183.89878546775412,9.805836373489116,51.24347130739003
0,555361,50,14,180,5.309376230754022,28.189475959695795,4.059464085012037,18.377884093918635,5.309376230754022,90.85890375780104,7.514022459353625,23.53130259059917
0,555674,38,14,180,0.7519674047899805,0.5654549778665783,0.5283458299342582,7.861601650953038,0.7519674047899805,23.13012095859582,3.239126043031326,77.319609294213
0,58475,19,14,180,7.239059441277049,52.403981594342376,5.385418969080944,53.39944542024334,7.239059441277049,146.08719166140747,9.552612444856502,34.30544975153699
0,611824,45,14,180,3.2349423483466766,10.464851997126711,1.580569849246284,12.817432485657877,3.2349423483466766,58.20666024209927,6.2194963983444165,32.549114048388155
0,611826,21,14,180,14.864961338074208,220.96707558244097,11.148941756696209,78.09734369345989,14.864961338074208,557.3177651290431,20.50809750431833,33.894090963797886
0,62421,34,14,180,0.4037097511512301,0.1629815631745881,0.2625409750587136,11.426855882117955,0.4037097511512301,10.63414005400939,1.9981135070691636,137.23860559863124
0,701,37,14,180,2.4872700899402345,6.186512500311301,1.786852409301747,13.155330621828332,2.4872700899402345,36.90157887212867,4.554568145527743,134.37014104890915
0,715290,19,14,180,8.083969270497425,65.35055916634668,6.380248241331537,35.50462995603826,8.083969270497425,103.93034549393364,7.6305750739888145,18.62689231099578
0,715291,19,14,180,9.537853901640744,90.97065704904354,7.389206711426874,25.732155370503023,9.537853901640744,144.31452185961697,9.055745525103966,27.010432017478543
0,73851,52,14,180,1.1827901603178386,1.3989925633446982,0.8322831795130525,10.699319506751504,1.1827901603178386,26.35699590824953,3.905857507779877,117.76418813919167
0,7600,67,14,180,0.682042752432268,0.465182316145384,0.4930676643656181,5.790273162153257,0.682042752432268,67.63141392265518,6.819260869487313,90.26606616969391
0,7601,47,14,180,9.245149951211111,85.47279762037883,7.04831255352653,17.025211367027072,9.245149951211111,372.3820024243991,14.131582353122278,29.21519306632
0,7602,52,14,180,0.920609470930252,0.8475217979664788,0.6309331682252721,9.67134535358404,0.920609470930252,28.81255297042666,4.15170946388063,56.00974394243763
0,771,57,14,180,2.4350452148245103,5.929445198239745,0.9109336384010948,9.349740004482472,2.4350452148245103,4873.939711581891,55.45686939377953,316.3451568240842
0,777,48,14,180,0.5485666071744233,0.300925322506858,0.3979342919986358,6.475596885035414,0.5485666071744233,21.49357210050177,3.6312926301433817,59.77179090258039
0,7826,15,14,180,18.626387237101405,346.9423015064541,12.66379667202765,15.278692281825249,18.626387237101405,650.6142581263399,21.88457099054971,21.71860995344193
0,81797,65,14,180,0.5130002475366361,0.2631692539726499,0.3974055155550568,7.69094093688977,0.5130002475366361,26.18555487583532,4.406863607603484,172.05252214322252
0,82003,45,14,180,1.6183912304837524,2.619190174906714,1.2786124820693467,21.23373704404526,1.6183912304837524,37.31841154920229,5.100373390917736,80.38049818874042
0,830184,34,14,180,0.7780711992167553,0.6053947910505997,0.5780845676840284,21.68014327708557,0.7780711992167553,10.563763775709427,2.5899189079434777,68.82933278295752
0,848209,29,14,180,0.7986180714236212,0.637790824004384,0.5456754517510263,10.48028528797856,0.7986180714236212,8.703660863289576,2.5318163139659964,45.21842967877103
0,86928,18,14,180,3.644254840505686,13.280593342549125,2.759064528119689,24.295244459750347,3.644254840505686,5.211269127906724,2.01916002091788,43.55592587859155
0,86935,82,14,180,0.5665283880246953,0.3209544144378597,0.432302274151009,6.365930305440132,0.5665283880246953,11.7003017797545,2.5798934146533186,32.26203117984088
0,86937,41,14,180,5.198059950101382,27.019827244847985,4.065553147197791,34.007042567102445,5.198059950101382,113.29696820301,8.378106407669856,48.19417273218391
0,86938,27,14,180,6.430800191793511,41.35519110677146,4.908168385196639,23.723191862052413,6.430800191793511,33.77066144912304,4.408267834973411,22.364668621928757
0,86943,41,14,180,0.5504045460568057,0.3029451643199983,0.4107736209998177,9.408049952101926,0.5504045460568057,15.272965370417747,3.41181419658933,39.498052738343695
0,86952,63,14,180,0.8651073956299226,0.7484108059735873,0.6354652463366699,8.24050142416973,0.8651073956299226,69.0625190925664,5.770509922786134,320.46735876577435
0,86978,41,14,180,1.648513309212213,2.717596130649801,1.1672114706277923,17.602170637159993,1.648513309212213,21.15060004896703,3.72470898767798,76.0560363862109
0,86980,20,14,180,3.403262496491726,11.5821956200271,2.682248793570968,41.37678845105427,3.403262496491726,28.502756728691427,3.445610528905624,33.13407010710354
0,86982,71,14,180,0.5038232294484061,0.2538378465318212,0.4044424587728819,9.56869862026283,0.5038232294484061,6.1352163520761565,1.9253845213003955,107.39211369995787
0,86983,23,14,180,3.2322411245213,10.447382687046716,2.487956091291228,31.2760498544744,3.2322411245213,20.0833025969854,3.9963880023797302,68.66383430183858
0,86985,35,14,180,9.777246570898145,95.59455050813952,7.614029261459435,20.79137056272257,9.777246570898145,117.1364708531102,9.384404576997166,20.915218185011778
0,86987,17,14,180,11.642611160193791,135.55039462746902,9.150147617408468,20.07824003021676,11.642611160193791,209.56321064688976,11.32596943032332,20.15777158492133
0,88003,22,14,180,38.42022149182146,1476.1134194806193,30.57001998215721,14.252705588271276,38.42022149182146,1801.3830733281252,32.01522873222673,15.557812649747138
0,895633,40,14,180,0.7182291118581978,0.5158530571206156,0.4753682424274352,10.2453144979688,0.7182291118581978,37.47274362229219,4.819843304547419,100.16590047365452
0,898008,47,14,180,1.212403580455763,1.4699224419019532,0.7684409545218737,14.868092715298364,1.212403580455763,20.886497915459984,3.0702131365458527,69.58557703935865
0,900363,27,14,180,0.8698606398456812,0.756657532752738,0.4486828911101791,9.341927629515316,0.8698606398456812,66.72437310660713,4.939527028527391,56.080512459831
0,900365,31,14,180,0.6119536709471549,0.3744872953856987,0.4238725943278769,7.418263007362194,0.6119536709471549,62.16381647145612,6.782436554665812,37.68020308147674
0,902642,53,14,180,1.0982315840072825,1.2061126121111445,0.7481450837629862,8.778839941840916,1.0982315840072825,19.440006079011223,3.494082614557583,33.62957562189952
0,90522,25,14,180,0.8129060911409625,0.6608163130140787,0.5565332249112546,10.244395424219393,0.8129060911409625,23.465871978182744,3.7139803632236377,43.00516215383033
0,9169,38,14,180,5.139870756149847,26.418271389924403,3.9114334337954975,24.038993114824677,5.139870756149847,116.95824076079816,8.075186991996132,37.693300796441335
0,9170,41,14,180,2.8853040475461613,8.32497944678626,2.3978550647721577,17.413876874177177,2.8853040475461613,75.02570242181527,6.886873046380898,45.50866177946684
0,9227,48,14,180,0.4123043977618084,0.1699949164137275,0.307079732997954,12.02998451336515,0.4123043977618084,18.693349281196426,2.3211958706384896,164.1588320742997
0,925135,31,14,180,0.8323450153935582,0.6927982246505027,0.6474757128405098,14.30829376734811,0.8323450153935582,55.01382401169006,5.951535549982654,78.33596660186143
0,925206,33,14,180,0.8837999873252633,0.7811024175961355,0.6501155164192396,9.112188152981108,0.8837999873252633,77.8441268577465,6.348625982782428,49.34143759088036
0,928473,52,14,180,0.7814812068267559,0.6107128766234029,0.5834563872097808,6.721253774174793,0.7814812068267559,56.99020338630475,5.995798078544302,52.96815065729407
0,937937,69,14,180,2.1523402750096694,4.632568659428699,1.7333515078557482,16.009307293497358,2.1523402750096694,656.9488622532897,22.264047167935797,153.86750205890868
0,937938,24,14,180,3.5766024509722234,12.792085092300516,2.718012467041006,31.47314061979916,3.5766024509722234,21.367559596437875,3.9929069676081546,53.57596800077145
0,937939,44,14,180,1.2755398025647235,1.627001787926854,0.9929539500523608,13.879942399906287,1.2755398025647235,41.31331947224324,4.99593369717872,54.33936430449332
0,937940,56,14,180,2.374305341901682,5.637325856582865,1.685030974009254,24.690795311634865,2.374305341901682,129.5547972479082,8.625550625764197,398.4612205251816
0,937942,35,14,180,5.964336119094189,35.57330534153154,5.026276512933555,45.218921138444856,5.964336119094189,65.08709855050526,6.200845361529878,31.82507712903243
0,937943,33,14,180,0.9417224227705048,0.8868411215487495,0.6165152260948173,12.979681020535534,0.9417224227705048,10.335489667826517,2.5651696450788832,90.6144160739865
0,937944,29,14,180,0.9734097089833283,0.9475264615430082,0.7376010442132659,16.81695054812429,0.9734097089833283,22.845850052529563,4.128288874915312,115.7685717623252
0,937945,57,14,180,2.681888610906101,7.19252652130786,1.8123359944883468,17.676741070409594,2.681888610906101,14.116202194664885,3.266596738384557,60.97112721520472
0,937946,37,14,180,0.5537470699265111,0.3066358174521964,0.355877453316722,8.92001897427634,0.5537470699265111,9.764100311608084,2.3199903994934346,72.59156700404033
0,947397,33,14,180,0.5894013675921496,0.3473939721194962,0.44553807978051,9.48775172418235,0.5894013675921496,3.141091937954934,1.3211899177873014,78.72641515585099
0,947399,41,14,180,0.4643985390795553,0.2156660030992252,0.3070597419687563,7.679080049842339,0.4643985390795553,6.981686978505685,1.862707480119201,57.9054655757561
0,947400,51,14,180,2.391188490607475,5.717782397613656,1.3616741715510958,18.93287311821173,2.391188490607475,14.959762511155754,2.528796017912865,177.3247522748392
0,94768,45,14,180,4.187455717494244,17.534785385975237,2.573743403890948,18.50078415859533,4.187455717494244,510.8009662690325,15.797273949253514,165.78929364165322
0,957026,48,14,180,1.062315259729582,1.128513711054329,0.6732160000869789,6.947549573295468,1.062315259729582,135.38025786917098,10.018714427911618,132.24443335648328
0,957490,39,14,180,0.487693100528876,0.2378445603034683,0.3707821418006237,7.975970263105185,0.487693100528876,10.299298786996449,2.7520858163230293,69.53192579326635
0,957625,30,14,180,0.6546913338609825,0.4286207426326726,0.4080945608335309,9.96777430279628,0.6546913338609825,19.135682412559817,3.8919054181886583,102.7420137863112
0,959750,28,14,180,0.1413874891183494,0.0199904220791913,0.1071072817574321,25.93089489549104,0.1413874891183494,1.2205661518744275,0.9576107199190892,112.64458506007828
0,960270,54,14,180,1.914544568849628,3.665480906111607,1.5150008521833047,19.07444616541513,1.914544568849628,36.36398363602571,4.283050382637045,49.884244708143335
0,960271,66,14,180,1.1122369376817305,1.237071005543633,0.93297848644633,10.280538665251678,1.1122369376817305,89.3993802493346,8.064803852911087,57.69346061181982
0,960274,30,14,180,3.5599088645742967,12.67295112407466,2.701524295735074,23.64591460694046,3.5599088645742967,62.477234939193394,5.77452973353239,31.554541426636614
0,960281,40,14,180,1.2840488154813654,1.6487813605390975,0.8216211658946427,11.889389656418494,1.2840488154813654,10.95114641273168,2.9519239915546827,94.82673493943088
0,960282,28,14,180,0.9697064709334772,0.9403306397702584,0.7407565177972544,20.574853190146417,0.9697064709334772,8.076497171471415,2.234318957591755,60.386709689348095
0,960284,45,14,180,0.9834760264148198,0.9672250945326832,0.7641776553323292,16.772397832433413,0.9834760264148198,10.786632815732643,2.629118928728785,65.0343788032987
0,960286,40,14,180,0.8073361358002652,0.6517916361689042,0.5860941186551366,10.562185279790674,0.8073361358002652,23.81706835895972,4.358968307024303,82.05451393345389
0,960629,31,14,180,2.3045426360445718,5.310916761347261,1.6983765434285976,17.746101829043536,2.3045426360445718,39.59518379996431,4.855389902493824,59.9538057172816
0,960630,28,14,180,3.463276212814705,11.99428212624817,2.7876513633399,27.95762809845727,3.463276212814705,26.432446787624688,3.5331804371750275,23.888180440762437
0,962013,43,14,180,4.31930043943356,18.656356286090947,3.3221635482306957,21.55223759863557,4.31930043943356,96.94614412405254,7.6415384361306975,36.153403319340846
0,962874,13,14,180,11.672322139794575,136.24310413513865,8.255953356537264,23.930452245609292,11.672322139794575,648.2386583595,22.72555735809404,34.78865063769066
0,963987,43,14,180,5.085599710217501,25.863324412564328,3.53839427726751,10.950726764115688,5.085599710217501,239.9219912131324,11.46914821537814,28.57371714970262
0,964475,46,14,180,2.1916370288764724,4.803272866342491,1.6839294412726655,23.41562847689046,2.1916370288764724,160.9206230701894,7.812059176904367,199.4057369732838
0,976675,33,14,180,0.9095259624857378,0.8272374764356076,0.5754336932715667,10.68809980317105,0.9095259624857378,60.47957929033164,6.221394191030894,110.36448415783836
0,977410,57,14,180,3.13403963328154,9.822204422979487,1.828426154464534,14.43349770968197,3.13403963328154,158.428929910045,9.56082156557444,84.51909264061193
0,977615,38,14,180,0.4263559031527312,0.1817793561531811,0.2851596153666005,8.119381643639562,0.4263559031527312,4.2547861045448805,1.453791671038389,56.69810323007477
0,977616,39,14,180,0.9749855447363616,0.9505968124448596,0.7858066321596132,13.12917635096668,0.9749855447363616,25.01909250454597,4.070753343243345,51.96091825340245
0,980424,12,14,180,6.710005635050963,45.02417562241568,5.326895690891739,33.866500076958644,6.710005635050963,73.98745069257885,7.091771067484582,20.912867591715464
0,980425,49,14,180,0.9599655177992318,0.9215337953635472,0.7621108483965575,12.28681518835318,0.9599655177992318,26.866193401889948,4.138151668901536,61.11665853522321
0,980426,52,14,180,2.0591525349054765,4.240109162007649,1.6429925536666936,18.714436380657418,2.0591525349054765,66.71755237907016,6.390647651404708,46.61960116490124
0,983572,33,14,180,1.420697030140294,2.0183800514494514,1.1828177360260248,25.49193090507928,1.420697030140294,25.531013346805757,4.244179379673548,50.548075343873066
0,983574,25,14,180,0.4369024229568932,0.190883727185604,0.2930685629363642,8.02259528480974,0.4369024229568932,18.01305691169242,3.35525453643039,136.2314803234095
